Workbook

Sheet Dashboard
A2: FINUSA MASTER FINANCIAL CONTROL CENTER
A3: Sistem Manajemen Arus Kas & Pengendalian Pengeluaran | Berbasis Riset Ekonomi Perilaku Harvard
A5: TOTAL PEMASUKAN | B5: TOTAL PENGELUARAN | C5: SISA KAS BERSIH | D5: BATAS HARIAN AMAN | E5: STATUS KEUANGAN & DIAGNOSTIK KAS
A6: =SUMIF(Transaksi!D4:D200, "Pemasukan", Transaksi!G4:G200) -> 2500000 | B6: =SUMIF(Transaksi!D4:D200, "Pengeluaran", Transaksi!G4:G200) -> 1658000 | C6: =A6-B6 -> 842000 | D6: =ROUND(MAX(0, C6/18), 0) -> 46778 | E6: =IF(C6<0, "🔴 DEFISIT / KRITIS", IF(B6/A6>0.85, "🟡 WASPADA (Kas Menipis)", "🟢 SEHAT & TERKENDALI")) -> 🟢 SEHAT & TERKENDALI
A7: Uang saku, gaji & transfer | B7: Realisasi belanja aktual | C7: Saldo kas likuid tersedia | D7: Maksimal belanja / hari | E7: Arus kas bulan ini dalam batas aman (surplus kas terjaga)
A9: ⚖️ EVALUASI ALOKASI KEUANGAN: FORMULA 50 / 30 / 20 (ELIZABETH WARREN)
A10: Pilar Alokasi Anggaran | B10: Target Porsi | C10: Batas Plafon | D10: Realisasi Aktual | E10: % Terpakai | F10: Status Evaluasi | G10: Panduan Strategis Harvard
A11: Kebutuhan Pokok (Needs: Makan, Kos, Transport, Kuliah) | B11: 0.5 | C11: =A6*0.5 -> 1250000 | D11: =SUMIF(Transaksi!F4:F200, "Kebutuhan", Transaksi!G4:G200) -> 1105000 | E11: =D11/A6 -> 0.442 | F11: =IF(D11<=C11, "🟢 Sesuai Batas", "🔴 Melebihi Plafon") -> 🟢 Sesuai Batas | G11: Jaga pengeluaran kebutuhan tidak melampaui 50% pemasukan.
A12: Keinginan & Rekreasi (Wants: Kopi, Nongkrong, Liburan) | B12: 0.3 | C12: =A6*0.3 -> 750000 | D12: =SUMIF(Transaksi!F4:F200, "Keinginan", Transaksi!G4:G200) -> 253000 | E12: =D12/A6 -> 0.1012 | F12: =IF(D12<=C12, "🟢 Terkendali", "🔴 Bahaya (The Latte Factor!)") -> 🟢 Terkendali | G12: Kendalikan jajan harian dan kurangi nongkrong impulsif.
A13: Tabungan & Masa Depan (Savings: Dana Darurat & Investasi) | B13: 0.2 | C13: =A6*0.2 -> 500000 | D13: =SUMIF(Transaksi!F4:F200, "Tabungan", Transaksi!G4:G200) -> 300000 | E13: =D13/A6 -> 0.12 | F13: =IF(D13>=C13, "🟢 Target Tercapai", "🟡 Tabungan Kurang") -> 🟡 Tabungan Kurang | G13: Sisihkan di awal bulan begitu uang saku/gaji masuk (Pay Yourself First).
A14: TOTAL ALOKASI PENGELUARAN & TABUNGAN | B14: =SUM(B11:B13) -> 1 | C14: =SUM(C11:C13) -> 2500000 | D14: =SUM(D11:D13) -> 1658000 | E14: =D14/A6 -> 0.6632 | F14: =IF(D14<=A6, "🟢 Surplus Kas", "🔴 Defisit Kas") -> 🟢 Surplus Kas | G14: Kondisi kas surplus Rp 842.000 (disiplin terjaga).
A16: 🎯 KONTROL PLAFON ANGGARAN BULANAN (BUDGET CEILING)
A17: Kategori Pengeluaran | B17: Pilar Alokasi | C17: Plafon Anggaran | D17: Realisasi Terpakai | E17: Sisa Kuota Anggaran | F17: % Terpakai | G17: Status Keamanan
A18: Makanan & Minuman Pokok | B18: Kebutuhan | C18: =Budget!C4 -> 750000 | D18: =Budget!D4 -> 145000 | E18: =Budget!E4 -> 605000 | F18: =Budget!F4 -> 0.1933 | G18: =Budget!G4 -> 🟢 AMAN
A19: Tempat Tinggal & Kos/Utilitas | B19: Kebutuhan | C19: =Budget!C5 -> 850000 | D19: =Budget!D5 -> 860000 | E19: =Budget!E5 -> -10000 | F19: =Budget!F5 -> 1.0117 | G19: =Budget!G5 -> 🔴 OVERBUDGET
A20: Transportasi Harian & Bensin | B20: Kebutuhan | C20: =Budget!C6 -> 200000 | D20: =Budget!D6 -> 80000 | E20: =Budget!E6 -> 120000 | F20: =Budget!F6 -> 0.4 | G20: =Budget!G6 -> 🟢 AMAN
A21: Pendidikan, Buku & Kuliah | B21: Kebutuhan | C21: =Budget!C7 -> 150000 | D21: =Budget!D7 -> 75000 | E21: =Budget!E7 -> 75000 | F21: =Budget!F7 -> 0.5 | G21: =Budget!G7 -> 🟢 AMAN
A22: Kopi Kekinian & Nongkrong | B22: Keinginan | C22: =Budget!C8 -> 150000 | D22: =Budget!D8 -> 53000 | E22: =Budget!E8 -> 97000 | F22: =Budget!F8 -> 0.3533 | G22: =Budget!G8 -> 🟢 AMAN
A23: Hiburan, Game & Liburan | B23: Keinginan | C23: =Budget!C9 -> 100000 | D23: =Budget!D9 -> 50000 | E23: =Budget!E9 -> 50000 | F23: =Budget!F9 -> 0.5 | G23: =Budget!G9 -> 🟢 AMAN
A24: Belanja & Fashion Pribadi | B24: Keinginan | C24: =Budget!C10 -> 100000 | D24: =Budget!D10 -> 85000 | E24: =Budget!E10 -> 15000 | F24: =Budget!F10 -> 0.85 | G24: =Budget!G10 -> 🟡 HAMPIR HABIS
A25: Kesehatan & Obat | B25: Kebutuhan | C25: =Budget!C11 -> 50000 | D25: =Budget!D11 -> 25000 | E25: =Budget!E11 -> 25000 | F25: =Budget!F11 -> 0.5 | G25: =Budget!G11 -> 🟢 AMAN
A26: Dana Darurat & Simpanan | B26: Tabungan | C26: =Budget!C12 -> 300000 | D26: =Budget!D12 -> 300000 | E26: =Budget!E12 -> 0 | F26: =Budget!F12 -> 1 | G26: =Budget!G12 -> 🟢 TERCAPAI
A27: Lain-lain / Biaya Tak Terduga | B27: Kebutuhan | C27: =Budget!C13 -> 50000 | D27: =Budget!D13 -> 0 | E27: =Budget!E13 -> 50000 | F27: =Budget!F13 -> 0 | G27: =Budget!G13 -> 🟢 AMAN
A28: TOTAL KESELURUHAN ANGGARAN | B28: 10 Kategori | C28: =SUM(C18:C27) -> 2700000 | D28: =SUM(D18:D27) -> 1658000 | E28: =SUM(E18:E27) -> 1042000 | F28: =D28/C28 -> 0.614 | G28: =IF(D28>C28, "🔴 OVERBUDGET", "🟢 AMAN") -> 🟢 AMAN

Sheet Transaksi
A1: BUKU CATATAN TRANSAKSI HARIAN (CASHFLOW LOG)
A2: Tips: Catat pengeluaran segera setelah bertransaksi. Hari terisi otomatis. Kategori dan Pilar terintegrasi.
A3: No | B3: Tanggal (YYYY-MM-DD) | C3: Hari | D3: Tipe Aliran | E3: Kategori Transaksi | F3: Pilar Alokasi | G3: Nominal (Rp) | H3: Metode / Dompet | I3: Catatan & Keterangan Rinci
A4: 1 | B4: 2026-09-01 | C4: =IF(B4="","",TEXT(B4,"dddd")) -> Selasa | D4: Pemasukan | E4: Uang Saku / Gaji Bulanan | F4: Pemasukan | G4: 2500000 | H4: Transfer BCA | I4: Kiriman uang saku bulanan dari orang tua
A5: 2 | B5: 2026-09-01 | C5: =IF(B5="","",TEXT(B5,"dddd")) -> Selasa | D5: Pengeluaran | E5: Tempat Tinggal & Kos/Utilitas | F5: Kebutuhan | G5: 800000 | H5: Transfer BCA | I5: Bayar sewa kamar kos bulanan
A6: 3 | B6: 2026-09-01 | C6: =IF(B6="","",TEXT(B6,"dddd")) -> Selasa | D6: Pengeluaran | E6: Dana Darurat & Simpanan | F6: Tabungan | G6: 300000 | H6: Auto-Debit | I6: Alokasi tabungan disiplin awal bulan
A7: 4 | B7: 2026-09-02 | C7: =IF(B7="","",TEXT(B7,"dddd")) -> Rabu | D7: Pengeluaran | E7: Makanan & Minuman Pokok | F7: Kebutuhan | G7: 35000 | H7: GoPay QRIS | I7: Makan siang nasi padang di dekat kampus
A8: 5 | B8: 2026-09-02 | C8: =IF(B8="","",TEXT(B8,"dddd")) -> Rabu | D8: Pengeluaran | E8: Transportasi Harian & Bensin | F8: Kebutuhan | G8: 40000 | H8: Tunai | I8: Isi bensin motor Pertalite full tank
A9: 6 | B9: 2026-09-03 | C9: =IF(B9="","",TEXT(B9,"dddd")) -> Kamis | D9: Pengeluaran | E9: Makanan & Minuman Pokok | F9: Kebutuhan | G9: 30000 | H9: ShopeePay | I9: Makan malam warteg
A10: 7 | B10: 2026-09-03 | C10: =IF(B10="","",TEXT(B10,"dddd")) -> Kamis | D10: Pengeluaran | E10: Kopi Kekinian & Nongkrong | F10: Keinginan | G10: 28000 | H10: QRIS | I10: Beli es kopi susu gula aren bareng teman
A11: 8 | B11: 2026-09-04 | C11: =IF(B11="","",TEXT(B11,"dddd")) -> Jumat | D11: Pengeluaran | E11: Pendidikan, Buku & Kuliah | F11: Kebutuhan | G11: 75000 | H11: Transfer | I11: Fotokopi modul kuliah & jilid laporan
A12: 9 | B12: 2026-09-05 | C12: =IF(B12="","",TEXT(B12,"dddd")) -> Sabtu | D12: Pengeluaran | E12: Tempat Tinggal & Kos/Utilitas | F12: Kebutuhan | G12: 60000 | H12: BCA Mobile | I12: Beli token listrik PLN kos
A13: 10 | B13: 2026-09-06 | C13: =IF(B13="","",TEXT(B13,"dddd")) -> Minggu | D13: Pengeluaran | E13: Hiburan, Game & Liburan | F13: Keinginan | G13: 50000 | H13: OVO | I13: Nonton bioskop akhir pekan
A14: 11 | B14: 2026-09-07 | C14: =IF(B14="","",TEXT(B14,"dddd")) -> Senin | D14: Pengeluaran | E14: Makanan & Minuman Pokok | F14: Kebutuhan | G14: 45000 | H14: Tunai | I14: Makan siang + jus buah
A15: 12 | B15: 2026-09-08 | C15: =IF(B15="","",TEXT(B15,"dddd")) -> Selasa | D15: Pengeluaran | E15: Kesehatan & Obat | F15: Kebutuhan | G15: 25000 | H15: Tunai | I15: Beli vitamin C & obat flu di apotek
... A19: 16 | B19: 2026-09-12 | C19: =IF(B19="","",TEXT(B19,"dddd")) -> Sabtu | D19: Pengeluaran | E19: Belanja & Fashion Pribadi | F19: Keinginan | G19: 85000 | H19: ShopeePay | I19: Beli kaos polos promo tanggal kembar
A20: 17 | C20: =IF(B20="","",TEXT(B20,"dddd"))
A21: 18 | C21: =IF(B21="","",TEXT(B21,"dddd"))
A22: 19 | C22: =IF(B22="","",TEXT(B22,"dddd"))
A23: 20 | C23: =IF(B23="","",TEXT(B23,"dddd"))
A24: 21 | C24: =IF(B24="","",TEXT(B24,"dddd"))
A25: 22 | C25: =IF(B25="","",TEXT(B25,"dddd"))
A26: 23 | C26: =IF(B26="","",TEXT(B26,"dddd"))
A27: 24 | C27: =IF(B27="","",TEXT(B27,"dddd"))
A28: 25 | C28: =IF(B28="","",TEXT(B28,"dddd"))
A29: 26 | C29: =IF(B29="","",TEXT(B29,"dddd"))
A30: 27 | C30: =IF(B30="","",TEXT(B30,"dddd"))
A31: 28 | C31: =IF(B31="","",TEXT(B31,"dddd"))
... A120: 117 | C120: =IF(B120="","",TEXT(B120,"dddd"))

Sheet Budget
A1: PENETAPAN PLAFON ANGGARAN & MASTER KATEGORI (BUDGET CEILING)
A2: Aturan Emas: Tentukan plafon maksimal di awal bulan. Realisasi dihitung otomatis dari buku catatan transaksi.
A3: No | B3: Nama Kategori Pengeluaran | C3: Plafon Budget (Batas Max) | D3: Realisasi Pengeluaran | E3: Sisa Kuota Anggaran | F3: % Terpakai | G3: Status Keamanan Budget
A4: 1 | B4: Makanan & Minuman Pokok | C4: 750000 | D4: =SUMIFS(Transaksi!G$4:G$200, Transaksi!E$4:E$200, B4, Transaksi!D$4:D$200, "Pengeluaran") -> 145000 | E4: =C4-D4 -> 605000 | F4: =IF(C4=0,0,D4/C4) -> 0.1933 | G4: =IF(D4>C4, "🔴 OVERBUDGET", IF(F4>0.8, "🟡 HAMPIR HABIS", "🟢 AMAN")) -> 🟢 AMAN
A5: 2 | B5: Tempat Tinggal & Kos/Utilitas | C5: 850000 | D5: =SUMIFS(Transaksi!G$4:G$200, Transaksi!E$4:E$200, B5, Transaksi!D$4:D$200, "Pengeluaran") -> 860000 | E5: =C5-D5 -> -10000 | F5: =IF(C5=0,0,D5/C5) -> 1.0117 | G5: =IF(D5>C5, "🔴 OVERBUDGET", IF(F5>0.8, "🟡 HAMPIR HABIS", "🟢 AMAN")) -> 🔴 OVERBUDGET
A6: 3 | B6: Transportasi Harian & Bensin | C6: 200000 | D6: =SUMIFS(Transaksi!G$4:G$200, Transaksi!E$4:E$200, B6, Transaksi!D$4:D$200, "Pengeluaran") -> 80000 | E6: =C6-D6 -> 120000 | F6: =IF(C6=0,0,D6/C6) -> 0.4 | G6: =IF(D6>C6, "🔴 OVERBUDGET", IF(F6>0.8, "🟡 HAMPIR HABIS", "🟢 AMAN")) -> 🟢 AMAN
A7: 4 | B7: Pendidikan, Buku & Kuliah | C7: 150000 | D7: =SUMIFS(Transaksi!G$4:G$200, Transaksi!E$4:E$200, B7, Transaksi!D$4:D$200, "Pengeluaran") -> 75000 | E7: =C7-D7 -> 75000 | F7: =IF(C7=0,0,D7/C7) -> 0.5 | G7: =IF(D7>C7, "🔴 OVERBUDGET", IF(F7>0.8, "🟡 HAMPIR HABIS", "🟢 AMAN")) -> 🟢 AMAN
A8: 5 | B8: Kopi Kekinian & Nongkrong | C8: 150000 | D8: =SUMIFS(Transaksi!G$4:G$200, Transaksi!E$4:E$200, B8, Transaksi!D$4:D$200, "Pengeluaran") -> 53000 | E8: =C8-D8 -> 97000 | F8: =IF(C8=0,0,D8/C8) -> 0.3533 | G8: =IF(D8>C8, "🔴 OVERBUDGET", IF(F8>0.8, "🟡 HAMPIR HABIS", "🟢 AMAN")) -> 🟢 AMAN
A9: 6 | B9: Hiburan, Game & Liburan | C9: 100000 | D9: =SUMIFS(Transaksi!G$4:G$200, Transaksi!E$4:E$200, B9, Transaksi!D$4:D$200, "Pengeluaran") -> 50000 | E9: =C9-D9 -> 50000 | F9: =IF(C9=0,0,D9/C9) -> 0.5 | G9: =IF(D9>C9, "🔴 OVERBUDGET", IF(F9>0.8, "🟡 HAMPIR HABIS", "🟢 AMAN")) -> 🟢 AMAN
A10: 7 | B10: Belanja & Fashion Pribadi | C10: 100000 | D10: =SUMIFS(Transaksi!G$4:G$200, Transaksi!E$4:E$200, B10, Transaksi!D$4:D$200, "Pengeluaran") -> 85000 | E10: =C10-D10 -> 15000 | F10: =IF(C10=0,0,D10/C10) -> 0.85 | G10: =IF(D10>C10, "🔴 OVERBUDGET", IF(F10>0.8, "🟡 HAMPIR HABIS", "🟢 AMAN")) -> 🟡 HAMPIR HABIS
A11: 8 | B11: Kesehatan & Obat | C11: 50000 | D11: =SUMIFS(Transaksi!G$4:G$200, Transaksi!E$4:E$200, B11, Transaksi!D$4:D$200, "Pengeluaran") -> 25000 | E11: =C11-D11 -> 25000 | F11: =IF(C11=0,0,D11/C11) -> 0.5 | G11: =IF(D11>C11, "🔴 OVERBUDGET", IF(F11>0.8, "🟡 HAMPIR HABIS", "🟢 AMAN")) -> 🟢 AMAN
A12: 9 | B12: Dana Darurat & Simpanan | C12: 300000 | D12: =SUMIFS(Transaksi!G$4:G$200, Transaksi!E$4:E$200, B12, Transaksi!D$4:D$200, "Pengeluaran") -> 300000 | E12: =C12-D12 -> 0 | F12: =IF(C12=0,0,D12/C12) -> 1 | G12: =IF(D12>=C12, "🟢 TERCAPAI", "🟡 KURANG") -> 🟢 TERCAPAI
A13: 10 | B13: Lain-lain / Biaya Tak Terduga | C13: 50000 | D13: =SUMIFS(Transaksi!G$4:G$200, Transaksi!E$4:E$200, B13, Transaksi!D$4:D$200, "Pengeluaran") -> 0 | E13: =C13-D13 -> 50000 | F13: =IF(C13=0,0,D13/C13) -> 0 | G13: =IF(D13>C13, "🔴 OVERBUDGET", IF(F13>0.8, "🟡 HAMPIR HABIS", "🟢 AMAN")) -> 🟢 AMAN
A14: TOTAL PENGELUARAN & ALOKASI | B14: 10 Kategori | C14: =SUM(C4:C13) -> 2700000 | D14: =SUM(D4:D13) -> 1658000 | E14: =SUM(E4:E13) -> 1042000 | F14: =D14/C14 -> 0.614 | G14: =IF(D14>C14, "🔴 OVERBUDGET", "🟢 AMAN") -> 🟢 AMAN

Sheet Analisis
A1: DIAGNOSIS PERILAKU KEUANGAN & AUDIT KEBOCORAN KAS
A2: Identifikasi kebocoran mikro (The Latte Factor) dan laju pengeluaran harian (Daily Burn Rate).
A4: Indikator Diagnostik Perilaku | B4: Nilai Aktual Saat Ini | C4: Batas Referensi Sehat (Benchmark) | D4: Interpretasi & Solusi Finansial Harvard
A5: Rata-rata Pengeluaran Harian (Daily Burn Rate) | B5: =ROUND(Dashboard!B6/12, 0) -> 138167 | C5: Maksimal Rp 75.000 / hari | D5: Kecepatan uang keluar harian. Jika tinggi di awal bulan, periksa pos makan & kos.
A6: Kebocoran Mikro (Kopi & Jajan / The Latte Factor) | B6: =Budget!D8 -> 53000 | C6: Maksimal Rp 150.000 / bulan | D6: Pengeluaran kecil yang sering diabaikan tapi menyerap 15-25% uang saku.
A7: Rasio Tabungan Disiplin (Savings Rate) | B7: =Dashboard!D13/Dashboard!A6 -> 0.12 | C7: Minimal 20% dari pemasukan | D7: Pondasi keamanan finansial. Sisihkan di awal sebelum belanja konsumtif.
A8: Rasio Kebutuhan vs Keinginan | B8: =Dashboard!D11/Dashboard!D12 -> 4.367 | C8: Minimal 1.6x (Kebutuhan > Keinginan) | D8: Sangat sehat jika rasio > 2.0x, menandakan belanja terkonsentrasi pada esensial.

Sheet Tabungan
A1: PERENCANAAN POS TABUNGAN & DANA DARURAT (SINKING FUNDS)
A2: Prinsip Pay Yourself First: Tabung di awal sebelum uang habis terpakai.
A3: No | B3: Nama Pos Tabungan | C3: Kategori Prioritas | D3: Target Dana (Rp) | E3: Terkumpul Saat Ini | F3: Sisa Kebutuhan | G3: % Capaian | H3: Status Capaian
A4: 1 | B4: Dana Darurat Mahasiswa (3 Bulan Kas) | C4: Prioritas Utama | D4: 4500000 | E4: 1800000 | F4: =D4-E4 -> 2700000 | G4: =E4/D4 -> 0.4 | H4: =IF(G4>=1, "🟢 TERCAPAI", IF(G4>=0.5, "🟡 BERJALAN BAIK", "⚪ PROSES AWAL")) -> ⚪ PROSES AWAL
A5: 2 | B5: Laptop Belajar & Produktivitas | C5: Pendidikan | D5: 8000000 | E5: 3200000 | F5: =D5-E5 -> 4800000 | G5: =E5/D5 -> 0.4 | H5: =IF(G5>=1, "🟢 TERCAPAI", IF(G5>=0.5, "🟡 BERJALAN BAIK", "⚪ PROSES AWAL")) -> ⚪ PROSES AWAL
A6: 3 | B6: Ujian Sertifikasi & Pelatihan | C6: Pengembangan Diri | D6: 1500000 | E6: 1000000 | F6: =D6-E6 -> 500000 | G6: =E6/D6 -> 0.6667 | H6: =IF(G6>=1, "🟢 TERCAPAI", IF(G6>=0.5, "🟡 BERJALAN BAIK", "⚪ PROSES AWAL")) -> 🟡 BERJALAN BAIK
A7: 4 | B7: Liburan Akhir Semester | C7: Impian & Hadiah Diri | D7: 2000000 | E7: 750000 | F7: =D7-E7 -> 1250000 | G7: =E7/D7 -> 0.375 | H7: =IF(G7>=1, "🟢 TERCAPAI", IF(G7>=0.5, "🟡 BERJALAN BAIK", "⚪ PROSES AWAL")) -> ⚪ PROSES AWAL
A8: TOTAL SIMPANAN & TARGET TABUNGAN | B8: 4 Pos Tabungan | C8: - | D8: =SUM(D4:D7) -> 16000000 | E8: =SUM(E4:E7) -> 6750000 | F8: =SUM(F4:F7) -> 9250000 | G8: =E8/D8 -> 0.4218 | H8: =IF(G8>=1, "🟢 TERCAPAI", "🟡 SEDANG BERJALAN") -> 🟡 SEDANG BERJALAN
